generation_index,avg_body_length,avg_fitness,avg_highest_fitness,total_highest_fitness,std,nucleotide_usage,crossover
0.0,157.0,0.017626033392083598,1.0625516560866899,3.7023148558172125,0.11962260207854536,0.945312101910828,standard
1.0,158.892,0.03086530832919169,1.2246833009023774,3.7023148558172125,0.15124654346347322,0.9503177566323907,standard
2.0,163.218,0.044089002622364065,1.335367326537114,3.7023148558172125,0.18226045592575243,0.953459193384679,standard
3.0,173.326,0.07224876560549975,1.5619236312952094,3.7023148558172125,0.23585465548773288,0.9561568172070848,standard
4.0,189.668,0.10426592765519302,1.5981232665612983,3.7023148558172125,0.26218467098803533,0.9584727983803433,standard
5.0,207.957,0.14513751232829775,1.7919155630303971,3.7023148558172125,0.29374432727216676,0.9600136628655198,standard
6.0,222.032,0.20240415175741483,2.1830540099521007,3.7023148558172125,0.3430983293692197,0.960507555916836,standard
7.0,235.982,0.2524465717769184,2.202511201935096,3.7023148558172125,0.3640491888309353,0.9611042519792105,standard
8.0,246.771,0.3135148280360198,2.3185190847556054,3.7023148558172125,0.3896734228922024,0.9615995503427498,standard
9.0,257.562,0.373302768155072,2.318752067479651,3.7023148558172125,0.3971018597594122,0.9614524844044752,standard
10.0,267.241,0.43932339685694194,2.5347222489326464,4.554275702759199,0.423512329451269,0.9616148747429428,standard
11.0,283.126,0.5098157915675924,2.699893956401101,4.554275702759199,0.4407031376393744,0.9616598483059393,standard
12.0,292.856,0.5723947424472268,2.706149047691014,4.554275702759199,0.45832595343490123,0.9617225925581968,standard
13.0,304.313,0.6368355564058661,2.7441410686686964,4.554275702759199,0.45839688539626744,0.9617463300534902,standard
14.0,312.573,0.706547434260162,3.0090584673400738,4.554275702759199,0.48595065297856965,0.961722183408551,standard
15.0,318.476,0.7750639187577233,3.0090584673400738,4.554275702759199,0.5015555197380382,0.9606915629037627,standard
16.0,320.346,0.8385850725553757,3.0090584673400738,4.554275702759199,0.4865545693106549,0.9602833657889677,standard
17.0,327.218,0.9195557999620466,3.0090584673400738,4.554275702759199,0.4764028757727787,0.9602363364788526,standard
18.0,337.196,0.971271074097846,3.028839733421727,4.554275702759199,0.48534658552716725,0.9601362164023874,standard
19.0,343.939,1.0251557710783163,3.0725969736698104,4.554275702759199,0.4931049830708256,0.959880440380053,standard
20.0,352.443,1.0784011402558435,3.0840863173993234,4.554275702759199,0.49956194781835694,0.9600966662892344,standard
21.0,362.113,1.1414583160608003,3.0840863173993234,4.554275702759199,0.48779207146668657,0.9605042419167513,standard
22.0,376.719,1.1973224906879638,3.0840863173993234,4.554275702759199,0.49313123685174043,0.9611842998570777,standard
23.0,386.234,1.252815708796847,3.1503495590120165,4.554275702759199,0.5119947294842311,0.9613338727400618,standard
24.0,401.44,1.3271633384731776,3.184742176744317,4.554275702759199,0.5263746408705369,0.9612608140040454,standard
25.0,416.377,1.398608445364319,3.422474984190236,4.554275702759199,0.5550593823126038,0.9617486331709512,standard
26.0,428.115,1.4832592827754645,3.6538697862174656,5.8427438289998,0.5872415897103129,0.9621579820962997,standard
27.0,433.648,1.5375431858108335,3.6538697862174656,5.8427438289998,0.6053328289073153,0.9621205655545504,standard
28.0,455.618,1.6082666468761726,3.6538697862174656,5.8427438289998,0.6027367946978471,0.9618476521137791,standard
29.0,467.948,1.6691295240933675,3.6538697862174656,5.8427438289998,0.6148942987471326,0.9620424711767871,standard
30.0,471.157,1.7266070117596104,3.6538697862174656,5.8427438289998,0.6180399609300423,0.9619043010521181,standard
31.0,468.583,1.79671454110022,3.7389365569631106,5.8427438289998,0.6414703178448179,0.96151389836197,standard
32.0,479.276,1.885222464364459,3.761472339388654,5.8427438289998,0.6630660320749693,0.961498041698437,standard
33.0,494.692,1.9625767707697694,3.761472339388654,5.8427438289998,0.6573298718072947,0.9615928480441116,standard
34.0,507.873,2.0443335087792813,3.852238360690218,5.8427438289998,0.6375544983608137,0.9614019485736266,standard
35.0,514.814,2.117073057240562,3.8889909392331785,5.8427438289998,0.6179296089525131,0.9612258522418154,standard
36.0,524.827,2.159339305683468,3.8889909392331785,5.8427438289998,0.6267357616225238,0.9608951843997962,standard
37.0,527.604,2.229101870402305,3.9672656018465142,5.8427438289998,0.6505033047028825,0.9609434124096626,standard
38.0,534.541,2.3314088946064317,3.9672656018465142,5.8427438289998,0.6746270314716278,0.9609859412248866,standard
39.0,539.065,2.3997514322862976,3.9672656018465142,5.8427438289998,0.6940261102770143,0.9608400040213707,standard
40.0,541.823,2.52185316051959,4.026919587230183,5.8427438289998,0.6806736300208531,0.9604150250234622,standard
41.0,535.695,2.6348473509089305,4.037804400244551,5.8427438289998,0.6023529923272725,0.9599898868683889,standard
42.0,540.25,2.691046083439551,4.037804400244551,5.8427438289998,0.5982465559934562,0.9597850477507217,standard
43.0,550.515,2.742416377557246,4.100410128257747,5.8427438289998,0.6358748839413957,0.9595578559512696,standard
44.0,558.606,2.8057607793585553,4.136921620137212,5.8427438289998,0.5970822969903553,0.9594241075817331,standard
45.0,571.496,2.862750145808092,4.207413619729306,5.8427438289998,0.5433388021024409,0.9593244293646869,standard
46.0,590.342,2.910674974268895,4.207413619729306,5.8427438289998,0.5023017264788068,0.9593525203317553,standard
47.0,599.39,2.989163846181359,4.233308746345935,5.8427438289998,0.42615949435840444,0.9594227231081172,standard
48.0,611.26,3.024968194335696,4.237677103054158,5.8427438289998,0.452622569063621,0.9591560044579485,standard
49.0,633.798,3.032601525711271,4.237677103054158,5.8427438289998,0.5133838883580583,0.959204376268324,standard
50.0,656.959,3.03894992550037,4.237677103054158,5.8427438289998,0.5345694066347213,0.9591551373387671,standard
51.0,668.829,3.0870914956575266,4.237677103054158,5.8427438289998,0.5186470649344089,0.959009254940775,standard
52.0,689.888,3.1097200123285647,4.239981503795186,5.8427438289998,0.4592275728858078,0.9590377125412114,standard
53.0,704.518,3.1395912499759886,4.239981503795186,5.8427438289998,0.43325947157513134,0.9588786476926968,standard
54.0,714.602,3.163788492008278,4.239981503795186,5.8427438289998,0.4514168961227326,0.9586284680784716,standard
55.0,717.382,3.159540233445575,4.248606821051393,5.8427438289998,0.542950945944706,0.9586505273465863,standard
56.0,719.599,3.202330981970194,4.248606821051393,5.8427438289998,0.5442492506063902,0.9586710554836522,standard
57.0,723.627,3.2411071756094407,4.248606821051393,5.8427438289998,0.504471234651605,0.9585187975116057,standard
58.0,737.526,3.2524733500886964,4.266567653458627,5.8427438289998,0.5549207003334432,0.9586451669573777,standard
59.0,750.453,3.2747315573396114,4.266567653458627,5.8427438289998,0.4683791994536167,0.9584588319612191,standard
60.0,758.816,3.295837350083002,4.266567653458627,5.8427438289998,0.47747157539567286,0.9583616283603564,standard
61.0,759.534,3.3061736942798903,4.266567653458627,5.8427438289998,0.43702542112362436,0.9583656984077994,standard
62.0,769.606,3.3106833517932928,4.266567653458627,5.8427438289998,0.5504669949323717,0.9581763336820149,standard
63.0,762.619,3.3099830895833158,4.327363058972726,5.8427438289998,0.5621853900622804,0.9580909743069267,standard
64.0,758.509,3.3370032142814736,4.327363058972726,5.8427438289998,0.5223142893847579,0.9580421675003422,standard
65.0,760.691,3.3241525318597174,4.327363058972726,5.8427438289998,0.5448694445798777,0.9579463781230193,standard
66.0,742.406,3.329776827386148,4.327363058972726,5.8427438289998,0.5433502281218529,0.9579066062198529,standard
67.0,752.824,3.37367576754222,4.485531572407813,5.889986492171985,0.4839073581755125,0.957902663313082,standard
68.0,766.614,3.3393752558266825,4.485531572407813,5.889986492171985,0.6250737426747011,0.957913667061398,standard
69.0,782.009,3.383976084291872,4.561546479349706,5.889986492171985,0.5287384992152361,0.9580371774903972,standard
70.0,782.428,3.355441157558029,4.6158369861039965,5.9508363316317325,0.6725021995986712,0.9578569797755888,standard
71.0,800.907,3.3609147674407054,4.6158369861039965,5.9508363316317325,0.6538538495049213,0.9578993023203262,standard
72.0,811.038,3.3964123222466176,4.7253074262909,6.98469089404102,0.5498589692165626,0.9577858746243446,standard
73.0,829.666,3.4342376583632035,4.7253074262909,6.98469089404102,0.5085412471486273,0.9578067829154091,standard
74.0,854.016,3.4441812030318975,4.7253074262909,6.98469089404102,0.5637684029077183,0.9577886684261587,standard
75.0,854.44,3.4629756275976096,4.7253074262909,6.98469089404102,0.5699240885345594,0.9577554554118151,standard
76.0,842.757,3.4516855764404735,4.7253074262909,6.98469089404102,0.6100739204956419,0.9576925255820814,standard
77.0,853.918,3.4690108106517017,4.7253074262909,6.98469089404102,0.5819268392054655,0.9574417587906096,standard
78.0,851.13,3.4553239842921317,4.7253074262909,6.98469089404102,0.6667123637608503,0.9573281693301121,standard
79.0,849.742,3.46211932066227,4.7253074262909,6.98469089404102,0.6965642369865089,0.9571236615519806,standard
80.0,851.559,3.4824590570241742,4.7253074262909,6.98469089404102,0.6327012191297453,0.956714768846899,standard
81.0,842.138,3.4931703600966055,4.7253074262909,6.98469089404102,0.6397153456912379,0.9566163481797416,standard
82.0,823.083,3.5303414666262314,4.730907527896399,6.98469089404102,0.6070983436914691,0.9566716404670847,standard
83.0,825.449,3.5418684977253383,4.730907527896399,6.98469089404102,0.6265970010299572,0.9566579428014641,standard
84.0,826.573,3.552705251644588,4.730907527896399,6.98469089404102,0.6154293587765914,0.9562499659602273,standard
85.0,818.031,3.5224769431047034,4.730907527896399,6.98469089404102,0.7342618749663168,0.9562062132602719,standard
86.0,809.752,3.5719558718011246,4.730907527896399,6.98469089404102,0.6677496561940475,0.9563726426729555,standard
87.0,839.855,3.5947896344703762,4.730907527896399,6.98469089404102,0.661298095423206,0.9563042884543571,standard
88.0,840.438,3.6069601802210447,4.730907527896399,6.98469089404102,0.7298710519854137,0.9560200034060661,standard
89.0,839.849,3.6343335074935985,4.730907527896399,6.98469089404102,0.5996039177947317,0.9559021843644093,standard
90.0,851.612,3.6374538505944667,4.773591257972522,6.98469089404102,0.6131491578300358,0.9558926785441436,standard
91.0,830.154,3.656341717227805,4.850857970786212,6.98469089404102,0.612879242848564,0.9561963425852731,standard
92.0,838.518,3.630521474709411,4.850857970786212,6.98469089404102,0.7658128137550854,0.9562997541535195,standard
93.0,834.355,3.6558517443922827,4.850857970786212,6.98469089404102,0.7376882603672293,0.9560594895651903,standard
94.0,841.057,3.676399309489034,4.8800291541486605,6.98469089404102,0.6842269171718172,0.9558625488937642,standard
95.0,839.919,3.6698770923915096,4.8800291541486605,6.98469089404102,0.7732946030523322,0.9558049425091154,standard
96.0,858.846,3.686272841977131,4.8800291541486605,6.98469089404102,0.7230974534449284,0.9558534815390121,standard
97.0,855.526,3.7186793480244305,4.8800291541486605,6.98469089404102,0.6362439134369375,0.9557724018113097,standard
98.0,869.345,3.704409568851217,4.8800291541486605,6.98469089404102,0.7283758091908231,0.955583741596634,standard
99.0,871.389,3.6824548846891654,4.8800291541486605,6.98469089404102,0.8768049071755784,0.9552444871201173,standard
100.0,878.498,3.7621159924087366,4.8800291541486605,6.98469089404102,0.6711911385499915,0.9551273008411075,standard
101.0,872.843,3.7657073117303845,4.8800291541486605,6.98469089404102,0.7396689816594348,0.9549696419068153,standard
102.0,881.807,3.8002171285124238,4.8800291541486605,6.98469089404102,0.7343259285516459,0.95532580112663,standard
103.0,881.081,3.790237808073485,4.8800291541486605,6.98469089404102,0.847988775286128,0.9556997216739976,standard
104.0,888.197,3.827688046797391,4.8800291541486605,6.98469089404102,0.8144097054067503,0.9552334375373366,standard
105.0,895.207,3.8262887329395383,4.906424235670376,6.98469089404102,0.8555220004953973,0.95526021703358,standard
106.0,901.303,3.829979002933099,4.906424235670376,6.98469089404102,0.8327586857714555,0.9554827120059107,standard
107.0,901.512,3.868346505238517,4.906424235670376,6.98469089404102,0.8013262758339411,0.9551484994441839,standard
108.0,913.127,3.8869185404102993,4.906424235670376,6.98469089404102,0.7933657388557558,0.9552827653513956,standard
109.0,923.96,3.902160010429229,5.123770427510118,7.248610349433621,0.7679189739888951,0.9550750451510684,standard
110.0,937.329,3.948672922165571,5.123770427510118,7.248610349433621,0.7133753037613372,0.9549183395828648,standard
111.0,932.484,3.9436726904691,5.144278740064172,7.248610349433621,0.7288404905055219,0.9548145101132659,standard
112.0,922.789,3.9771544892140724,5.144278740064172,7.248610349433621,0.8041442818208939,0.9551654844034928,standard
113.0,929.879,3.9807137268241335,5.144278740064172,7.248610349433621,0.7644216785100209,0.9549055420863098,standard
114.0,945.434,3.9777746187860274,5.144278740064172,7.248610349433621,0.8090152495913718,0.9551803242879733,standard
115.0,960.67,4.013816887600019,5.144278740064172,7.248610349433621,0.790132001582898,0.9553101033967972,standard
116.0,950.872,4.0343451594148565,5.197374311446206,7.248610349433621,0.8044261513136172,0.9551488507862702,standard
117.0,968.555,4.071933445363028,5.197374311446206,7.248610349433621,0.74864949516426,0.9551477903859882,standard
118.0,959.302,4.078128539319799,5.197374311446206,7.248610349433621,0.7903688686252149,0.9551309574108859,standard
119.0,967.648,4.111083525912568,5.2528621304159095,7.248610349433621,0.8609090532792005,0.954949901690426,standard
120.0,969.567,4.143458223568699,5.2528621304159095,7.248610349433621,0.8229487000442923,0.9547792394738843,standard
121.0,990.956,4.178774841416861,5.2528621304159095,7.248610349433621,0.8276969037489231,0.9549107090588078,standard
122.0,1007.161,4.1804195725058175,5.2528621304159095,7.248610349433621,0.89775701183831,0.955019606367312,standard
123.0,1015.096,4.207217633800096,5.2528621304159095,7.248610349433621,0.819377312213801,0.9549651553198056,standard
124.0,1021.849,4.241907593062175,5.2528621304159095,7.248610349433621,0.8018321944076554,0.9548629451180831,standard
125.0,1028.708,4.290438892792263,5.2528621304159095,7.248610349433621,0.7971653569237259,0.9547237605654119,standard
126.0,1044.775,4.3047453186656615,5.2528621304159095,7.248610349433621,0.8051594468099251,0.9548258601050509,standard
127.0,1083.258,4.293482833792603,5.2528621304159095,7.248610349433621,0.92406423252675,0.954771608582705,standard
128.0,1091.952,4.306514315920101,5.2528621304159095,7.248610349433621,0.8859118430364872,0.9546185133579261,standard
129.0,1099.31,4.335677929896882,5.2528621304159095,7.248610349433621,0.8878824205539658,0.9545248330912222,standard
130.0,1129.11,4.360538926808583,5.2528621304159095,7.248610349433621,0.8294072725652761,0.9544393353941962,standard
131.0,1139.521,4.374687832485891,5.292107831921768,7.248610349433621,0.8641462341731633,0.9546211022325598,standard
132.0,1139.456,4.398382124882999,5.292107831921768,7.248610349433621,0.9260403314032196,0.9545185059880987,standard
133.0,1175.051,4.415341343410628,5.4691317492326466,7.248610349433621,0.8928887431906996,0.95458328252302,standard
134.0,1165.528,4.447119378854964,5.4691317492326466,7.248610349433621,0.8697824784276549,0.9545314242498046,standard
135.0,1178.921,4.452788074533087,5.4691317492326466,7.248610349433621,0.8486749682839774,0.954335955662819,standard
136.0,1196.03,4.456155218662362,5.4691317492326466,7.248610349433621,0.9173663366145974,0.9541901435298941,standard
137.0,1223.208,4.500062574162981,5.4691317492326466,7.248610349433621,0.802678782930593,0.9540807437151761,standard
138.0,1217.542,4.5464691294185435,5.4691317492326466,7.248610349433621,0.7697716436911334,0.9538938724841763,standard
139.0,1195.442,4.541876015379659,5.4691317492326466,7.248610349433621,0.810542314287186,0.9539785049965948,standard
140.0,1172.965,4.571235366938444,5.4691317492326466,7.248610349433621,0.8126578883929321,0.9541801856661016,standard
141.0,1192.506,4.5807971421481355,5.478501713202064,7.342309989127798,0.8143659561511367,0.9541552262503628,standard
142.0,1203.465,4.587574801448724,5.478501713202064,7.342309989127798,0.7351604269440468,0.9540438908966989,standard
143.0,1226.402,4.542997886007447,5.478501713202064,7.342309989127798,0.8620933490744148,0.9540512846233081,standard
144.0,1225.563,4.563795714978077,5.478501713202064,7.342309989127798,0.8553107635213824,0.9539833571325945,standard
145.0,1245.383,4.596074039304854,5.478501713202064,7.342309989127798,0.7202191435243783,0.953646835021832,standard
146.0,1236.67,4.604089445358248,5.478501713202064,7.342309989127798,0.7697853517304631,0.9537741703011458,standard
147.0,1238.672,4.618060032715555,5.478501713202064,7.342309989127798,0.7465785987593626,0.9536914048050915,standard
148.0,1247.148,4.6428322349032936,5.478501713202064,7.342309989127798,0.6947627526493868,0.9537158651342174,standard
149.0,1259.699,4.632213932342693,5.478501713202064,7.342309989127798,0.7867300864429421,0.9539645343246088,standard
150.0,1250.563,4.6460955691503285,5.478501713202064,7.342309989127798,0.8188004143248757,0.9537794972498386,standard
151.0,1259.782,4.666887771904336,5.506131328100302,7.342309989127798,0.7705088620834549,0.9540322940146362,standard
152.0,1253.671,4.666040001010281,5.585059783652932,7.342309989127798,0.7678323014393641,0.9541294736269503,standard
153.0,1282.145,4.642333923593257,5.585059783652932,7.342309989127798,0.8658476400784323,0.9542133090145194,standard
154.0,1298.785,4.672233770959525,5.672717934622481,8.21889149882329,0.89349082406485,0.9539867420261298,standard
155.0,1334.05,4.67789578038947,5.672717934622481,8.21889149882329,0.8827827046174522,0.9538360478840133,standard
156.0,1348.438,4.696853144427466,5.672717934622481,8.21889149882329,0.8676139151212052,0.9538407646813895,standard
157.0,1328.76,4.688008052228997,5.672717934622481,8.21889149882329,0.8967308859448627,0.9534589098838951,standard
158.0,1335.198,4.701842764563248,5.672717934622481,8.21889149882329,0.9039381138750646,0.9535939893896458,standard
159.0,1357.958,4.687058095257944,5.726011046937058,8.21889149882329,1.0053142426225254,0.9536103549490849,standard
160.0,1384.343,4.718154869180715,5.726011046937058,8.21889149882329,0.9424394277905735,0.9535475894576337,standard
161.0,1371.568,4.737529997399998,5.726011046937058,8.21889149882329,0.9183088986289195,0.953631680748305,standard
162.0,1356.885,4.729231011020593,5.726011046937058,8.21889149882329,0.9031877828367497,0.9536366064346081,standard
163.0,1394.963,4.754480487139575,5.726011046937058,8.21889149882329,0.8822323755934263,0.9536042630938926,standard
164.0,1381.785,4.74911724805999,5.726011046937058,8.21889149882329,0.95087314212328,0.9537442193911233,standard
165.0,1389.859,4.742035007419086,5.726011046937058,8.21889149882329,0.9610801609654364,0.9537326337227539,standard
166.0,1402.783,4.811621356466641,5.726011046937058,8.21889149882329,0.8824790848741602,0.9535291825770467,standard
167.0,1388.046,4.781037493635905,5.726011046937058,8.21889149882329,0.939954810843367,0.9535219565103386,standard
168.0,1406.156,4.756204898967052,5.811127017313207,9.070051202584779,1.0205020474453994,0.9534473206268396,standard
169.0,1409.044,4.77843975830954,5.811127017313207,9.070051202584779,0.9657661141576966,0.9536815040979942,standard
170.0,1411.556,4.798449524773865,5.811127017313207,9.070051202584779,1.0065827875497506,0.9538393901286552,standard
171.0,1363.56,4.812341885341417,5.811127017313207,9.070051202584779,0.924380589704475,0.9537705910376643,standard
172.0,1380.996,4.800519642926917,5.811127017313207,9.070051202584779,1.0097343940968004,0.9538942859131044,standard
173.0,1364.215,4.786712773485141,5.811127017313207,9.070051202584779,1.0308509664154866,0.9539474870333685,standard
174.0,1369.581,4.785476629247276,5.811127017313207,9.070051202584779,0.9938662744561652,0.9535844549005821,standard
175.0,1399.712,4.823521045651101,5.811127017313207,9.070051202584779,0.9848691038467252,0.9536232654119797,standard
176.0,1407.605,4.844547763852522,5.811127017313207,9.070051202584779,0.9434211807366678,0.9537032982400936,standard
177.0,1384.897,4.842186843859959,5.811127017313213,9.070051202584779,0.9185353031736797,0.9538919050036941,standard
178.0,1386.304,4.803720471688841,5.811127017313213,9.070051202584779,1.013499233930841,0.9539935681389293,standard
179.0,1412.171,4.8169278559780055,5.811127017313213,9.070051202584779,0.9793310019130335,0.9537632888766837,standard
180.0,1434.343,4.857111377630669,5.811127017313213,9.070051202584779,1.0425858026934032,0.9539674198660005,standard
181.0,1461.227,4.851604461205726,5.811127017313213,9.070051202584779,0.9700083237034044,0.953729736816055,standard
182.0,1469.42,4.867908877629089,5.811127017313213,9.070051202584779,0.9408615110341293,0.9537893703014644,standard
183.0,1470.256,4.872661638124173,5.811127017313213,9.070051202584779,0.9259545101276236,0.9538137972919118,standard
184.0,1494.21,4.85559277129144,5.811127017313213,9.070051202584779,1.1099798190663728,0.9539962580056542,standard
185.0,1486.584,4.844050286906934,5.811127017313213,9.070051202584779,1.0351655672640352,0.9541274378269227,standard
186.0,1508.09,4.866361704092383,5.811127017313213,9.070051202584779,1.079861079835162,0.9542609849470658,standard
187.0,1476.982,4.84158835754761,5.811127017313213,9.070051202584779,1.096853057308986,0.954167253792016,standard
188.0,1481.364,4.864605886867618,5.8383453169656265,9.070051202584779,1.099659607013642,0.9543492971312557,standard
189.0,1489.163,4.844489521576969,5.8383453169656265,9.070051202584779,1.1440520160045515,0.9542178504157678,standard
190.0,1487.426,4.884493710281176,5.8383453169656265,9.070051202584779,1.0737393874953371,0.9541191802715853,standard
191.0,1498.295,4.937586051590277,5.8383453169656265,9.070051202584779,0.9626532882900992,0.9541893213939926,standard
192.0,1496.668,4.917919192474743,5.8383453169656265,9.070051202584779,1.0096208524313635,0.9543181604228554,standard
193.0,1487.492,4.956474463346148,5.8383453169656265,9.070051202584779,0.9302552697214966,0.9542547568278813,standard
194.0,1463.909,4.935105164361845,5.8383453169656265,9.070051202584779,1.0708631641413282,0.9541660887049639,standard
195.0,1470.351,4.933877182077776,5.8383453169656265,9.070051202584779,1.0644315644412234,0.9543400129267369,standard
196.0,1467.75,4.960891115187763,5.8383453169656265,9.070051202584779,1.0101756980405727,0.9544687819454791,standard
197.0,1485.128,4.9934332768481875,5.8383453169656265,9.070051202584779,0.9421808137915869,0.9546339031757374,standard
198.0,1486.351,5.01552827355823,5.8383453169656265,9.070051202584779,0.9028178645552182,0.9550256840667812,standard
199.0,1470.477,4.978355815898592,5.8383453169656265,9.070051202584779,0.9914374033998284,0.9551618112218861,standard
200.0,1450.97,4.994954784655949,5.8383453169656265,9.070051202584779,0.9663996830471488,0.9551867153033015,standard
